Time Stamp,Step,Status,Prog Time,Step Time,Cycle,Cycle Level,Procedure,Voltage,Current,Temperature,Capacity,WhAccu,Cnt
[M/d/yyyy h:mm:ss tt],[],[],[hh:mm:ss.ttt],[hh:mm:ss.ttt],[],[],[],[V],[A],[C],[Ah],[Wh],[Cnt]
10/16/2019 5:59:20 PM,38,PAU,57:42.6,00:10.0,0,0,A123_2p5Ah_ageing_90k_case,3.4522,0,23.6187,0,0,0
10/16/2019 5:59:30 PM,38,PAU,57:52.6,00:20.0,0,0,A123_2p5Ah_ageing_90k_case,3.452,0,23.7255,0,0,0
10/16/2019 5:59:40 PM,38,PAU,58:02.6,00:30.0,0,0,A123_2p5Ah_ageing_90k_case,3.4517,0,23.6187,0,0,0
10/16/2019 5:59:50 PM,38,PAU,58:12.6,00:40.0,0,0,A123_2p5Ah_ageing_90k_case,3.4515,0,23.7255,0,0,0
10/16/2019 6:00:00 PM,38,PAU,58:22.6,00:50.0,0,0,A123_2p5Ah_ageing_90k_case,3.4514,0,23.6187,0,0,0
10/16/2019 6:00:10 PM,38,PAU,58:32.6,01:00.0,0,0,A123_2p5Ah_ageing_90k_case,3.4512,0,23.6187,0,0,0
10/16/2019 6:00:10 PM,38,PAU,58:32.6,01:00.0,0,0,A123_2p5Ah_ageing_90k_case,3.4512,0,23.6187,0,0,0
10/16/2019 6:00:20 PM,39,DCH,58:42.6,00:10.0,0,0,A123_2p5Ah_ageing_90k_case,3.3665,-2.4998,23.7255,-0.0069,-0.0235,0
10/16/2019 6:00:30 PM,39,DCH,58:52.6,00:20.0,0,0,A123_2p5Ah_ageing_90k_case,3.3375,-2.4998,23.7255,-0.0139,-0.0468,0
10/16/2019 6:00:40 PM,39,DCH,59:02.6,00:30.0,0,0,A123_2p5Ah_ageing_90k_case,3.3198,-2.4998,23.7255,-0.0208,-0.0699,0
10/16/2019 6:00:50 PM,39,DCH,59:12.6,00:40.0,0,0,A123_2p5Ah_ageing_90k_case,3.3083,-2.4998,23.7255,-0.0278,-0.0929,0
10/16/2019 6:01:00 PM,39,DCH,59:22.6,00:50.0,0,0,A123_2p5Ah_ageing_90k_case,3.3004,-2.4998,23.6187,-0.0347,-0.1159,0
10/16/2019 6:01:10 PM,39,DCH,59:32.6,01:00.0,0,0,A123_2p5Ah_ageing_90k_case,3.295,-2.4998,23.7255,-0.0417,-0.1387,0
10/16/2019 6:01:20 PM,39,DCH,59:42.6,01:10.0,0,0,A123_2p5Ah_ageing_90k_case,3.2914,-2.4998,23.6187,-0.0486,-0.1616,0
10/16/2019 6:01:30 PM,39,DCH,59:52.6,01:20.0,0,0,A123_2p5Ah_ageing_90k_case,3.2889,-2.4972,23.6187,-0.0555,-0.1845,0
10/16/2019 6:01:40 PM,39,DCH,00:02.6,01:30.0,0,0,A123_2p5Ah_ageing_90k_case,3.2872,-2.4998,23.6187,-0.0625,-0.2073,0
10/16/2019 6:01:50 PM,39,DCH,00:12.6,01:40.0,0,0,A123_2p5Ah_ageing_90k_case,3.286,-2.4972,23.5118,-0.0694,-0.2301,0
10/16/2019 6:02:00 PM,39,DCH,00:22.6,01:50.0,0,0,A123_2p5Ah_ageing_90k_case,3.285,-2.4998,23.6187,-0.0764,-0.2529,0
10/16/2019 6:02:10 PM,39,DCH,00:32.6,02:00.0,0,0,A123_2p5Ah_ageing_90k_case,3.2842,-2.4998,23.7255,-0.0833,-0.2757,0
10/16/2019 6:02:20 PM,39,DCH,00:42.6,02:10.0,0,0,A123_2p5Ah_ageing_90k_case,3.2837,-2.4998,23.7255,-0.0902,-0.2985,0
10/16/2019 6:02:30 PM,39,DCH,00:52.6,02:20.0,0,0,A123_2p5Ah_ageing_90k_case,3.283,-2.4972,23.7255,-0.0972,-0.3213,0
10/16/2019 6:02:40 PM,39,DCH,01:02.6,02:30.0,0,0,A123_2p5Ah_ageing_90k_case,3.2825,-2.4998,23.6187,-0.1041,-0.3441,0
10/16/2019 6:02:50 PM,39,DCH,01:12.6,02:40.0,0,0,A123_2p5Ah_ageing_90k_case,3.282,-2.4998,23.7255,-0.1111,-0.3669,0
10/16/2019 6:03:00 PM,39,DCH,01:22.6,02:50.0,0,0,A123_2p5Ah_ageing_90k_case,3.2817,-2.4998,23.6187,-0.118,-0.3896,0
10/16/2019 6:03:10 PM,39,DCH,01:32.6,03:00.0,0,0,A123_2p5Ah_ageing_90k_case,3.2812,-2.4972,23.7255,-0.125,-0.4124,0
10/16/2019 6:03:20 PM,39,DCH,01:42.6,03:10.0,0,0,A123_2p5Ah_ageing_90k_case,3.2807,-2.4998,23.5118,-0.1319,-0.4352,0
10/16/2019 6:03:30 PM,39,DCH,01:52.6,03:20.0,0,0,A123_2p5Ah_ageing_90k_case,3.2803,-2.4998,23.5118,-0.1388,-0.458,0
10/16/2019 6:03:40 PM,39,DCH,02:02.6,03:30.0,0,0,A123_2p5Ah_ageing_90k_case,3.2798,-2.4998,23.6187,-0.1458,-0.4807,0
10/16/2019 6:03:50 PM,39,DCH,02:12.6,03:40.0,0,0,A123_2p5Ah_ageing_90k_case,3.2795,-2.4998,23.5118,-0.1527,-0.5035,0
10/16/2019 6:04:00 PM,39,DCH,02:22.6,03:50.0,0,0,A123_2p5Ah_ageing_90k_case,3.279,-2.4972,23.6187,-0.1597,-0.5263,0
10/16/2019 6:04:10 PM,39,DCH,02:32.6,04:00.0,0,0,A123_2p5Ah_ageing_90k_case,3.2786,-2.4972,23.6187,-0.1666,-0.549,0
10/16/2019 6:04:20 PM,39,DCH,02:42.6,04:10.0,0,0,A123_2p5Ah_ageing_90k_case,3.2783,-2.4998,23.7255,-0.1735,-0.5718,0
10/16/2019 6:04:30 PM,39,DCH,02:52.6,04:20.0,0,0,A123_2p5Ah_ageing_90k_case,3.278,-2.4972,23.6187,-0.1805,-0.5945,0
10/16/2019 6:04:40 PM,39,DCH,03:02.6,04:30.0,0,0,A123_2p5Ah_ageing_90k_case,3.2774,-2.4998,23.7255,-0.1874,-0.6173,0
10/16/2019 6:04:50 PM,39,DCH,03:12.6,04:40.0,0,0,A123_2p5Ah_ageing_90k_case,3.2771,-2.4998,23.7255,-0.1944,-0.6401,0
10/16/2019 6:05:00 PM,39,DCH,03:22.6,04:50.0,0,0,A123_2p5Ah_ageing_90k_case,3.2768,-2.4998,23.7255,-0.2013,-0.6628,0
10/16/2019 6:05:10 PM,39,DCH,03:32.6,05:00.0,0,0,A123_2p5Ah_ageing_90k_case,3.2764,-2.4972,23.6187,-0.2083,-0.6855,0
10/16/2019 6:05:20 PM,39,DCH,03:42.6,05:10.0,0,0,A123_2p5Ah_ageing_90k_case,3.2761,-2.4998,23.7255,-0.2152,-0.7083,0
10/16/2019 6:05:30 PM,39,DCH,03:52.6,05:20.0,0,0,A123_2p5Ah_ageing_90k_case,3.2758,-2.4998,23.7255,-0.2221,-0.731,0
10/16/2019 6:05:40 PM,39,DCH,04:02.6,05:30.0,0,0,A123_2p5Ah_ageing_90k_case,3.2753,-2.4998,23.7255,-0.2291,-0.7537,0
10/16/2019 6:05:50 PM,39,DCH,04:12.6,05:40.0,0,0,A123_2p5Ah_ageing_90k_case,3.2749,-2.4972,23.8324,-0.236,-0.7765,0
10/16/2019 6:06:00 PM,39,DCH,04:22.6,05:50.0,0,0,A123_2p5Ah_ageing_90k_case,3.2746,-2.4972,23.7255,-0.243,-0.7992,0
10/16/2019 6:06:10 PM,39,DCH,04:32.6,06:00.0,0,0,A123_2p5Ah_ageing_90k_case,3.2742,-2.4998,23.7255,-0.2499,-0.8219,0
10/16/2019 6:06:20 PM,39,DCH,04:42.6,06:10.0,0,0,A123_2p5Ah_ageing_90k_case,3.2739,-2.4998,23.7255,-0.2568,-0.8447,0
10/16/2019 6:06:30 PM,39,DCH,04:52.6,06:20.0,0,0,A123_2p5Ah_ageing_90k_case,3.2734,-2.4998,23.7255,-0.2638,-0.8674,0
10/16/2019 6:06:40 PM,39,DCH,05:02.6,06:30.0,0,0,A123_2p5Ah_ageing_90k_case,3.2731,-2.4998,23.7255,-0.2707,-0.8902,0
10/16/2019 6:06:50 PM,39,DCH,05:12.6,06:40.0,0,0,A123_2p5Ah_ageing_90k_case,3.2727,-2.4972,23.7255,-0.2777,-0.9128,0
10/16/2019 6:07:00 PM,39,DCH,05:22.6,06:50.0,0,0,A123_2p5Ah_ageing_90k_case,3.2724,-2.4998,23.8324,-0.2846,-0.9356,0
10/16/2019 6:07:10 PM,39,DCH,05:32.6,07:00.0,0,0,A123_2p5Ah_ageing_90k_case,3.272,-2.4972,23.7255,-0.2915,-0.9583,0
10/16/2019 6:07:20 PM,39,DCH,05:42.6,07:10.0,0,0,A123_2p5Ah_ageing_90k_case,3.2717,-2.4998,23.7255,-0.2985,-0.981,0
10/16/2019 6:07:30 PM,39,DCH,05:52.6,07:20.0,0,0,A123_2p5Ah_ageing_90k_case,3.2712,-2.4998,23.7255,-0.3054,-1.0037,0
10/16/2019 6:07:40 PM,39,DCH,06:02.6,07:30.0,0,0,A123_2p5Ah_ageing_90k_case,3.2709,-2.4998,23.7255,-0.3124,-1.0264,0
10/16/2019 6:07:50 PM,39,DCH,06:12.6,07:40.0,0,0,A123_2p5Ah_ageing_90k_case,3.2705,-2.4998,23.7255,-0.3193,-1.0491,0
10/16/2019 6:08:00 PM,39,DCH,06:22.6,07:50.0,0,0,A123_2p5Ah_ageing_90k_case,3.2702,-2.4972,23.8324,-0.3263,-1.0718,0
10/16/2019 6:08:10 PM,39,DCH,06:32.6,08:00.0,0,0,A123_2p5Ah_ageing_90k_case,3.2699,-2.4998,23.8324,-0.3332,-1.0945,0
10/16/2019 6:08:20 PM,39,DCH,06:42.6,08:10.0,0,0,A123_2p5Ah_ageing_90k_case,3.2694,-2.4998,23.8324,-0.3402,-1.1172,0
10/16/2019 6:08:30 PM,39,DCH,06:52.6,08:20.0,0,0,A123_2p5Ah_ageing_90k_case,3.269,-2.4998,23.8324,-0.3471,-1.1399,0
10/16/2019 6:08:40 PM,39,DCH,07:02.6,08:30.0,0,0,A123_2p5Ah_ageing_90k_case,3.2687,-2.4998,23.8324,-0.354,-1.1626,0
10/16/2019 6:08:50 PM,39,DCH,07:12.6,08:40.0,0,0,A123_2p5Ah_ageing_90k_case,3.2682,-2.4972,23.8324,-0.361,-1.1853,0
10/16/2019 6:09:00 PM,39,DCH,07:22.6,08:50.0,0,0,A123_2p5Ah_ageing_90k_case,3.2678,-2.4972,23.8324,-0.3679,-1.208,0
10/16/2019 6:09:10 PM,39,DCH,07:32.6,09:00.0,0,0,A123_2p5Ah_ageing_90k_case,3.2675,-2.4998,23.8324,-0.3749,-1.2307,0
10/16/2019 6:09:20 PM,39,DCH,07:42.6,09:10.0,0,0,A123_2p5Ah_ageing_90k_case,3.267,-2.4998,23.8324,-0.3818,-1.2534,0
10/16/2019 6:09:30 PM,39,DCH,07:52.6,09:20.0,0,0,A123_2p5Ah_ageing_90k_case,3.2667,-2.4998,23.7255,-0.3887,-1.276,0
10/16/2019 6:09:40 PM,39,DCH,08:02.6,09:30.0,0,0,A123_2p5Ah_ageing_90k_case,3.2663,-2.4998,23.8324,-0.3957,-1.2987,0
10/16/2019 6:09:50 PM,39,DCH,08:12.6,09:40.0,0,0,A123_2p5Ah_ageing_90k_case,3.2658,-2.4998,23.9393,-0.4026,-1.3214,0
10/16/2019 6:10:00 PM,39,DCH,08:22.6,09:50.0,0,0,A123_2p5Ah_ageing_90k_case,3.2655,-2.4998,23.8324,-0.4096,-1.344,0
10/16/2019 6:10:10 PM,39,DCH,08:32.6,10:00.0,0,0,A123_2p5Ah_ageing_90k_case,3.265,-2.4998,23.8324,-0.4165,-1.3667,0
10/16/2019 6:10:20 PM,39,DCH,08:42.6,10:10.0,0,0,A123_2p5Ah_ageing_90k_case,3.2646,-2.4998,23.8324,-0.4235,-1.3894,0
10/16/2019 6:10:30 PM,39,DCH,08:52.6,10:20.0,0,0,A123_2p5Ah_ageing_90k_case,3.2643,-2.4972,23.8324,-0.4304,-1.412,0
10/16/2019 6:10:40 PM,39,DCH,09:02.6,10:30.0,0,0,A123_2p5Ah_ageing_90k_case,3.2638,-2.4998,23.8324,-0.4373,-1.4347,0
10/16/2019 6:10:50 PM,39,DCH,09:12.6,10:40.0,0,0,A123_2p5Ah_ageing_90k_case,3.2634,-2.4998,23.8324,-0.4443,-1.4573,0
10/16/2019 6:11:00 PM,39,DCH,09:22.6,10:50.0,0,0,A123_2p5Ah_ageing_90k_case,3.2629,-2.4998,23.9393,-0.4512,-1.48,0
10/16/2019 6:11:10 PM,39,DCH,09:32.6,11:00.0,0,0,A123_2p5Ah_ageing_90k_case,3.2626,-2.4998,23.8324,-0.4582,-1.5027,0
10/16/2019 6:11:20 PM,39,DCH,09:42.6,11:10.0,0,0,A123_2p5Ah_ageing_90k_case,3.2621,-2.4998,23.8324,-0.4651,-1.5253,0
10/16/2019 6:11:30 PM,39,DCH,09:52.6,11:20.0,0,0,A123_2p5Ah_ageing_90k_case,3.2618,-2.4998,23.8324,-0.472,-1.5479,0
10/16/2019 6:11:40 PM,39,DCH,10:02.6,11:30.0,0,0,A123_2p5Ah_ageing_90k_case,3.2613,-2.4998,23.8324,-0.479,-1.5706,0
10/16/2019 6:11:50 PM,39,DCH,10:12.6,11:40.0,0,0,A123_2p5Ah_ageing_90k_case,3.2607,-2.4998,23.8324,-0.4859,-1.5932,0
10/16/2019 6:12:00 PM,39,DCH,10:22.6,11:50.0,0,0,A123_2p5Ah_ageing_90k_case,3.2604,-2.4998,23.8324,-0.4929,-1.6159,0
10/16/2019 6:12:10 PM,39,DCH,10:32.6,12:00.0,0,0,A123_2p5Ah_ageing_90k_case,3.2599,-2.4998,23.8324,-0.4998,-1.6385,0
10/16/2019 6:12:20 PM,39,DCH,10:42.6,12:10.0,0,0,A123_2p5Ah_ageing_90k_case,3.2596,-2.4998,23.9393,-0.5068,-1.6611,0
10/16/2019 6:12:30 PM,39,DCH,10:52.6,12:20.0,0,0,A123_2p5Ah_ageing_90k_case,3.2591,-2.4972,23.9393,-0.5137,-1.6837,0
10/16/2019 6:12:40 PM,39,DCH,11:02.6,12:30.0,0,0,A123_2p5Ah_ageing_90k_case,3.2587,-2.4998,23.9393,-0.5206,-1.7064,0
10/16/2019 6:12:50 PM,39,DCH,11:12.6,12:40.0,0,0,A123_2p5Ah_ageing_90k_case,3.2582,-2.4998,23.9393,-0.5276,-1.729,0
10/16/2019 6:13:00 PM,39,DCH,11:22.6,12:50.0,0,0,A123_2p5Ah_ageing_90k_case,3.2577,-2.4998,23.9393,-0.5345,-1.7516,0
10/16/2019 6:13:10 PM,39,DCH,11:32.6,13:00.0,0,0,A123_2p5Ah_ageing_90k_case,3.2572,-2.4998,23.9393,-0.5415,-1.7742,0
10/16/2019 6:13:20 PM,39,DCH,11:42.6,13:10.0,0,0,A123_2p5Ah_ageing_90k_case,3.2569,-2.4998,23.8324,-0.5484,-1.7968,0
10/16/2019 6:13:30 PM,39,DCH,11:52.6,13:20.0,0,0,A123_2p5Ah_ageing_90k_case,3.2564,-2.4972,23.9393,-0.5553,-1.8194,0
10/16/2019 6:13:40 PM,39,DCH,12:02.6,13:30.0,0,0,A123_2p5Ah_ageing_90k_case,3.2559,-2.4998,23.8324,-0.5623,-1.8421,0
10/16/2019 6:13:50 PM,39,DCH,12:12.6,13:40.0,0,0,A123_2p5Ah_ageing_90k_case,3.2555,-2.4998,23.8324,-0.5692,-1.8646,0
10/16/2019 6:14:00 PM,39,DCH,12:22.6,13:50.0,0,0,A123_2p5Ah_ageing_90k_case,3.255,-2.4998,23.9393,-0.5762,-1.8872,0
10/16/2019 6:14:10 PM,39,DCH,12:32.6,14:00.0,0,0,A123_2p5Ah_ageing_90k_case,3.2545,-2.4972,23.9393,-0.5831,-1.9098,0
10/16/2019 6:14:20 PM,39,DCH,12:42.6,14:10.0,0,0,A123_2p5Ah_ageing_90k_case,3.254,-2.4998,23.9393,-0.5901,-1.9324,0
10/16/2019 6:14:30 PM,39,DCH,12:52.6,14:20.0,0,0,A123_2p5Ah_ageing_90k_case,3.2535,-2.4998,23.9393,-0.597,-1.955,0
10/16/2019 6:14:40 PM,39,DCH,13:02.6,14:30.0,0,0,A123_2p5Ah_ageing_90k_case,3.2532,-2.4998,23.9393,-0.6039,-1.9776,0
10/16/2019 6:14:50 PM,39,DCH,13:12.6,14:40.0,0,0,A123_2p5Ah_ageing_90k_case,3.2527,-2.4998,23.8324,-0.6109,-2.0002,0
10/16/2019 6:15:00 PM,39,DCH,13:22.6,14:50.0,0,0,A123_2p5Ah_ageing_90k_case,3.2521,-2.4972,23.9393,-0.6178,-2.0227,0
10/16/2019 6:15:10 PM,39,DCH,13:32.6,15:00.0,0,0,A123_2p5Ah_ageing_90k_case,3.2516,-2.4972,23.9393,-0.6248,-2.0453,0
10/16/2019 6:15:20 PM,39,DCH,13:42.6,15:10.0,0,0,A123_2p5Ah_ageing_90k_case,3.2511,-2.4998,23.9393,-0.6317,-2.0679,0
10/16/2019 6:15:30 PM,39,DCH,13:52.6,15:20.0,0,0,A123_2p5Ah_ageing_90k_case,3.2508,-2.4972,23.9393,-0.6386,-2.0904,0
10/16/2019 6:15:40 PM,39,DCH,14:02.6,15:30.0,0,0,A123_2p5Ah_ageing_90k_case,3.2503,-2.4972,23.9393,-0.6456,-2.113,0
10/16/2019 6:15:50 PM,39,DCH,14:12.6,15:40.0,0,0,A123_2p5Ah_ageing_90k_case,3.2498,-2.4998,23.9393,-0.6525,-2.1356,0
10/16/2019 6:16:00 PM,39,DCH,14:22.6,15:50.0,0,0,A123_2p5Ah_ageing_90k_case,3.2493,-2.4998,23.9393,-0.6595,-2.1581,0
10/16/2019 6:16:10 PM,39,DCH,14:32.6,16:00.0,0,0,A123_2p5Ah_ageing_90k_case,3.2488,-2.4998,23.8324,-0.6664,-2.1807,0
10/16/2019 6:16:20 PM,39,DCH,14:42.6,16:10.0,0,0,A123_2p5Ah_ageing_90k_case,3.2484,-2.4998,23.8324,-0.6734,-2.2032,0
10/16/2019 6:16:30 PM,39,DCH,14:52.6,16:20.0,0,0,A123_2p5Ah_ageing_90k_case,3.2479,-2.4972,23.8324,-0.6803,-2.2258,0
10/16/2019 6:16:40 PM,39,DCH,15:02.6,16:30.0,0,0,A123_2p5Ah_ageing_90k_case,3.2474,-2.4998,23.8324,-0.6872,-2.2483,0
10/16/2019 6:16:50 PM,39,DCH,15:12.6,16:40.0,0,0,A123_2p5Ah_ageing_90k_case,3.2469,-2.4998,23.8324,-0.6942,-2.2709,0
10/16/2019 6:17:00 PM,39,DCH,15:22.6,16:50.0,0,0,A123_2p5Ah_ageing_90k_case,3.2464,-2.4998,23.9393,-0.7011,-2.2934,0
10/16/2019 6:17:10 PM,39,DCH,15:32.6,17:00.0,0,0,A123_2p5Ah_ageing_90k_case,3.2461,-2.4998,23.8324,-0.7081,-2.3159,0
10/16/2019 6:17:20 PM,39,DCH,15:42.6,17:10.0,0,0,A123_2p5Ah_ageing_90k_case,3.2456,-2.4998,23.9393,-0.715,-2.3385,0
10/16/2019 6:17:30 PM,39,DCH,15:52.6,17:20.0,0,0,A123_2p5Ah_ageing_90k_case,3.2451,-2.4998,23.8324,-0.7219,-2.361,0
10/16/2019 6:17:40 PM,39,DCH,16:02.6,17:30.0,0,0,A123_2p5Ah_ageing_90k_case,3.2446,-2.4998,23.8324,-0.7289,-2.3835,0
10/16/2019 6:17:50 PM,39,DCH,16:12.6,17:40.0,0,0,A123_2p5Ah_ageing_90k_case,3.2442,-2.4972,23.8324,-0.7358,-2.406,0
10/16/2019 6:18:00 PM,39,DCH,16:22.6,17:50.0,0,0,A123_2p5Ah_ageing_90k_case,3.2437,-2.4998,23.8324,-0.7428,-2.4286,0
10/16/2019 6:18:10 PM,39,DCH,16:32.6,18:00.0,0,0,A123_2p5Ah_ageing_90k_case,3.2434,-2.4998,23.8324,-0.7497,-2.4511,0
10/16/2019 6:18:20 PM,39,DCH,16:42.6,18:10.0,0,0,A123_2p5Ah_ageing_90k_case,3.2429,-2.4998,23.8324,-0.7567,-2.4736,0
10/16/2019 6:18:30 PM,39,DCH,16:52.6,18:20.0,0,0,A123_2p5Ah_ageing_90k_case,3.2424,-2.4998,23.8324,-0.7636,-2.4961,0
10/16/2019 6:18:40 PM,39,DCH,17:02.6,18:30.0,0,0,A123_2p5Ah_ageing_90k_case,3.242,-2.4998,23.8324,-0.7705,-2.5186,0
10/16/2019 6:18:50 PM,39,DCH,17:12.6,18:40.0,0,0,A123_2p5Ah_ageing_90k_case,3.2415,-2.4998,23.9393,-0.7775,-2.5411,0
10/16/2019 6:19:00 PM,39,DCH,17:22.6,18:50.0,0,0,A123_2p5Ah_ageing_90k_case,3.2412,-2.4998,23.9393,-0.7844,-2.5636,0
10/16/2019 6:19:10 PM,39,DCH,17:32.6,19:00.0,0,0,A123_2p5Ah_ageing_90k_case,3.2407,-2.4998,23.9393,-0.7914,-2.5861,0
10/16/2019 6:19:20 PM,39,DCH,17:42.6,19:10.0,0,0,A123_2p5Ah_ageing_90k_case,3.2403,-2.4998,23.9393,-0.7983,-2.6086,0
10/16/2019 6:19:30 PM,39,DCH,17:52.6,19:20.0,0,0,A123_2p5Ah_ageing_90k_case,3.2398,-2.4998,23.9393,-0.8052,-2.6311,0
10/16/2019 6:19:40 PM,39,DCH,18:02.6,19:30.0,0,0,A123_2p5Ah_ageing_90k_case,3.2395,-2.4998,23.8324,-0.8122,-2.6536,0
10/16/2019 6:19:50 PM,39,DCH,18:12.6,19:40.0,0,0,A123_2p5Ah_ageing_90k_case,3.2392,-2.4998,23.8324,-0.8191,-2.6761,0
10/16/2019 6:20:00 PM,39,DCH,18:22.6,19:50.0,0,0,A123_2p5Ah_ageing_90k_case,3.2387,-2.4998,23.8324,-0.8261,-2.6986,0
10/16/2019 6:20:10 PM,39,DCH,18:32.6,20:00.0,0,0,A123_2p5Ah_ageing_90k_case,3.2383,-2.4998,23.8324,-0.833,-2.7211,0
10/16/2019 6:20:20 PM,39,DCH,18:42.6,20:10.0,0,0,A123_2p5Ah_ageing_90k_case,3.238,-2.4998,23.9393,-0.84,-2.7436,0
10/16/2019 6:20:30 PM,39,DCH,18:52.6,20:20.0,0,0,A123_2p5Ah_ageing_90k_case,3.2376,-2.4972,23.9393,-0.8469,-2.766,0
10/16/2019 6:20:40 PM,39,DCH,19:02.6,20:30.0,0,0,A123_2p5Ah_ageing_90k_case,3.2371,-2.4998,23.8324,-0.8539,-2.7885,0
10/16/2019 6:20:50 PM,39,DCH,19:12.6,20:40.0,0,0,A123_2p5Ah_ageing_90k_case,3.2368,-2.4998,23.8324,-0.8608,-2.811,0
10/16/2019 6:21:00 PM,39,DCH,19:22.6,20:50.0,0,0,A123_2p5Ah_ageing_90k_case,3.2365,-2.4998,23.8324,-0.8677,-2.8334,0
10/16/2019 6:21:10 PM,39,DCH,19:32.6,21:00.0,0,0,A123_2p5Ah_ageing_90k_case,3.2361,-2.4998,23.9393,-0.8747,-2.8559,0
10/16/2019 6:21:20 PM,39,DCH,19:42.6,21:10.0,0,0,A123_2p5Ah_ageing_90k_case,3.2356,-2.4998,23.8324,-0.8816,-2.8784,0
10/16/2019 6:21:30 PM,39,DCH,19:52.6,21:20.0,0,0,A123_2p5Ah_ageing_90k_case,3.2353,-2.4972,23.8324,-0.8886,-2.9008,0
10/16/2019 6:21:40 PM,39,DCH,20:02.6,21:30.0,0,0,A123_2p5Ah_ageing_90k_case,3.2349,-2.4998,23.8324,-0.8955,-2.9233,0
10/16/2019 6:21:50 PM,39,DCH,20:12.6,21:40.0,0,0,A123_2p5Ah_ageing_90k_case,3.2346,-2.4998,23.8324,-0.9024,-2.9457,0
10/16/2019 6:22:00 PM,39,DCH,20:22.6,21:50.0,0,0,A123_2p5Ah_ageing_90k_case,3.2343,-2.4998,23.8324,-0.9094,-2.9682,0
10/16/2019 6:22:10 PM,39,DCH,20:32.6,22:00.0,0,0,A123_2p5Ah_ageing_90k_case,3.2338,-2.4972,23.7255,-0.9163,-2.9906,0
10/16/2019 6:22:20 PM,39,DCH,20:42.6,22:10.0,0,0,A123_2p5Ah_ageing_90k_case,3.2334,-2.4972,23.8324,-0.9233,-3.0131,0
10/16/2019 6:22:30 PM,39,DCH,20:52.6,22:20.0,0,0,A123_2p5Ah_ageing_90k_case,3.2331,-2.4998,23.8324,-0.9302,-3.0355,0
10/16/2019 6:22:40 PM,39,DCH,21:02.6,22:30.0,0,0,A123_2p5Ah_ageing_90k_case,3.2327,-2.4972,23.8324,-0.9372,-3.058,0
10/16/2019 6:22:50 PM,39,DCH,21:12.6,22:40.0,0,0,A123_2p5Ah_ageing_90k_case,3.2324,-2.4972,23.7255,-0.9441,-3.0804,0
10/16/2019 6:23:00 PM,39,DCH,21:22.6,22:50.0,0,0,A123_2p5Ah_ageing_90k_case,3.2321,-2.4972,23.8324,-0.951,-3.1028,0
10/16/2019 6:23:10 PM,39,DCH,21:32.6,23:00.0,0,0,A123_2p5Ah_ageing_90k_case,3.2317,-2.4998,23.7255,-0.958,-3.1253,0
10/16/2019 6:23:20 PM,39,DCH,21:42.6,23:10.0,0,0,A123_2p5Ah_ageing_90k_case,3.2314,-2.4972,23.7255,-0.9649,-3.1477,0
10/16/2019 6:23:30 PM,39,DCH,21:52.6,23:20.0,0,0,A123_2p5Ah_ageing_90k_case,3.2311,-2.4998,23.8324,-0.9719,-3.1702,0
10/16/2019 6:23:40 PM,39,DCH,22:02.6,23:30.0,0,0,A123_2p5Ah_ageing_90k_case,3.2306,-2.4998,23.7255,-0.9788,-3.1926,0
10/16/2019 6:23:50 PM,39,DCH,22:12.6,23:40.0,0,0,A123_2p5Ah_ageing_90k_case,3.2302,-2.4998,23.8324,-0.9858,-3.215,0
10/16/2019 6:24:00 PM,39,DCH,22:22.6,23:50.0,0,0,A123_2p5Ah_ageing_90k_case,3.2299,-2.4998,23.8324,-0.9927,-3.2374,0
10/16/2019 6:24:10 PM,39,DCH,22:32.6,24:00.0,0,0,A123_2p5Ah_ageing_90k_case,3.2295,-2.4998,23.8324,-0.9996,-3.2598,0
10/16/2019 6:24:20 PM,39,DCH,22:42.6,24:10.0,0,0,A123_2p5Ah_ageing_90k_case,3.2292,-2.4998,23.7255,-1.0066,-3.2823,0
10/16/2019 6:24:30 PM,39,DCH,22:52.6,24:20.0,0,0,A123_2p5Ah_ageing_90k_case,3.2289,-2.4998,23.7255,-1.0135,-3.3047,0
10/16/2019 6:24:40 PM,39,DCH,23:02.6,24:30.0,0,0,A123_2p5Ah_ageing_90k_case,3.2285,-2.4972,23.7255,-1.0205,-3.3271,0
10/16/2019 6:24:50 PM,39,DCH,23:12.6,24:40.0,0,0,A123_2p5Ah_ageing_90k_case,3.2282,-2.4972,23.7255,-1.0274,-3.3495,0
10/16/2019 6:25:00 PM,39,DCH,23:22.6,24:50.0,0,0,A123_2p5Ah_ageing_90k_case,3.2279,-2.4998,23.7255,-1.0343,-3.3719,0
10/16/2019 6:25:10 PM,39,DCH,23:32.6,25:00.0,0,0,A123_2p5Ah_ageing_90k_case,3.2275,-2.4998,23.6187,-1.0413,-3.3943,0
10/16/2019 6:25:20 PM,39,DCH,23:42.6,25:10.0,0,0,A123_2p5Ah_ageing_90k_case,3.2272,-2.4998,23.6187,-1.0482,-3.4167,0
10/16/2019 6:25:30 PM,39,DCH,23:52.6,25:20.0,0,0,A123_2p5Ah_ageing_90k_case,3.2268,-2.4998,23.7255,-1.0552,-3.4392,0
10/16/2019 6:25:40 PM,39,DCH,24:02.6,25:30.0,0,0,A123_2p5Ah_ageing_90k_case,3.2263,-2.4972,23.7255,-1.0621,-3.4616,0
10/16/2019 6:25:50 PM,39,DCH,24:12.6,25:40.0,0,0,A123_2p5Ah_ageing_90k_case,3.226,-2.4998,23.7255,-1.0691,-3.4839,0
10/16/2019 6:26:00 PM,39,DCH,24:22.6,25:50.0,0,0,A123_2p5Ah_ageing_90k_case,3.2257,-2.4972,23.8324,-1.076,-3.5063,0
10/16/2019 6:26:10 PM,39,DCH,24:32.6,26:00.0,0,0,A123_2p5Ah_ageing_90k_case,3.2253,-2.4998,23.8324,-1.0829,-3.5287,0
10/16/2019 6:26:20 PM,39,DCH,24:42.6,26:10.0,0,0,A123_2p5Ah_ageing_90k_case,3.225,-2.4972,23.8324,-1.0899,-3.5511,0
10/16/2019 6:26:30 PM,39,DCH,24:52.6,26:20.0,0,0,A123_2p5Ah_ageing_90k_case,3.2247,-2.4998,23.8324,-1.0968,-3.5735,0
10/16/2019 6:26:40 PM,39,DCH,25:02.6,26:30.0,0,0,A123_2p5Ah_ageing_90k_case,3.2243,-2.4998,23.7255,-1.1038,-3.5959,0
10/16/2019 6:26:50 PM,39,DCH,25:12.6,26:40.0,0,0,A123_2p5Ah_ageing_90k_case,3.224,-2.4998,23.7255,-1.1107,-3.6183,0
10/16/2019 6:27:00 PM,39,DCH,25:22.6,26:50.0,0,0,A123_2p5Ah_ageing_90k_case,3.2235,-2.4998,23.8324,-1.1177,-3.6407,0
10/16/2019 6:27:10 PM,39,DCH,25:32.6,27:00.0,0,0,A123_2p5Ah_ageing_90k_case,3.2231,-2.4998,23.8324,-1.1246,-3.6631,0
10/16/2019 6:27:20 PM,39,DCH,25:42.6,27:10.0,0,0,A123_2p5Ah_ageing_90k_case,3.2228,-2.4972,23.7255,-1.1315,-3.6854,0
10/16/2019 6:27:30 PM,39,DCH,25:52.6,27:20.0,0,0,A123_2p5Ah_ageing_90k_case,3.2225,-2.4998,23.7255,-1.1385,-3.7078,0
10/16/2019 6:27:40 PM,39,DCH,26:02.6,27:30.0,0,0,A123_2p5Ah_ageing_90k_case,3.2221,-2.4998,23.7255,-1.1454,-3.7302,0
10/16/2019 6:27:50 PM,39,DCH,26:12.6,27:40.0,0,0,A123_2p5Ah_ageing_90k_case,3.2218,-2.4998,23.8324,-1.1524,-3.7525,0
10/16/2019 6:28:00 PM,39,DCH,26:22.6,27:50.0,0,0,A123_2p5Ah_ageing_90k_case,3.2213,-2.4998,23.8324,-1.1593,-3.7749,0
10/16/2019 6:28:10 PM,39,DCH,26:32.6,28:00.0,0,0,A123_2p5Ah_ageing_90k_case,3.2209,-2.4972,23.8324,-1.1662,-3.7973,0
10/16/2019 6:28:20 PM,39,DCH,26:42.6,28:10.0,0,0,A123_2p5Ah_ageing_90k_case,3.2206,-2.4998,23.8324,-1.1732,-3.8196,0
10/16/2019 6:28:30 PM,39,DCH,26:52.6,28:20.0,0,0,A123_2p5Ah_ageing_90k_case,3.2203,-2.4998,23.8324,-1.1801,-3.842,0
10/16/2019 6:28:40 PM,39,DCH,27:02.6,28:30.0,0,0,A123_2p5Ah_ageing_90k_case,3.2199,-2.4998,23.7255,-1.1871,-3.8643,0
10/16/2019 6:28:50 PM,39,DCH,27:12.6,28:40.0,0,0,A123_2p5Ah_ageing_90k_case,3.2194,-2.4972,23.7255,-1.194,-3.8867,0
10/16/2019 6:29:00 PM,39,DCH,27:22.6,28:50.0,0,0,A123_2p5Ah_ageing_90k_case,3.2191,-2.4998,23.8324,-1.201,-3.909,0
10/16/2019 6:29:10 PM,39,DCH,27:32.6,29:00.0,0,0,A123_2p5Ah_ageing_90k_case,3.2187,-2.4998,23.8324,-1.2079,-3.9314,0
10/16/2019 6:29:20 PM,39,DCH,27:42.6,29:10.0,0,0,A123_2p5Ah_ageing_90k_case,3.2182,-2.4998,23.7255,-1.2148,-3.9537,0
10/16/2019 6:29:30 PM,39,DCH,27:52.6,29:20.0,0,0,A123_2p5Ah_ageing_90k_case,3.2179,-2.4972,23.7255,-1.2218,-3.9761,0
10/16/2019 6:29:40 PM,39,DCH,28:02.6,29:30.0,0,0,A123_2p5Ah_ageing_90k_case,3.2176,-2.4998,23.7255,-1.2287,-3.9984,0
10/16/2019 6:29:50 PM,39,DCH,28:12.6,29:40.0,0,0,A123_2p5Ah_ageing_90k_case,3.2172,-2.4972,23.8324,-1.2357,-4.0208,0
10/16/2019 6:30:00 PM,39,DCH,28:22.6,29:50.0,0,0,A123_2p5Ah_ageing_90k_case,3.2167,-2.4998,23.7255,-1.2426,-4.0431,0
10/16/2019 6:30:10 PM,39,DCH,28:32.6,30:00.0,0,0,A123_2p5Ah_ageing_90k_case,3.2164,-2.4998,23.7255,-1.2496,-4.0654,0
10/16/2019 6:30:20 PM,39,DCH,28:42.6,30:10.0,0,0,A123_2p5Ah_ageing_90k_case,3.2159,-2.4998,23.7255,-1.2565,-4.0877,0
10/16/2019 6:30:30 PM,39,DCH,28:52.6,30:20.0,0,0,A123_2p5Ah_ageing_90k_case,3.2155,-2.4998,23.7255,-1.2634,-4.1101,0
10/16/2019 6:30:40 PM,39,DCH,29:02.6,30:30.0,0,0,A123_2p5Ah_ageing_90k_case,3.2152,-2.4998,23.8324,-1.2704,-4.1324,0
10/16/2019 6:30:50 PM,39,DCH,29:12.6,30:40.0,0,0,A123_2p5Ah_ageing_90k_case,3.2147,-2.4998,23.7255,-1.2773,-4.1547,0
10/16/2019 6:31:00 PM,39,DCH,29:22.6,30:50.0,0,0,A123_2p5Ah_ageing_90k_case,3.2144,-2.4998,23.8324,-1.2843,-4.177,0
10/16/2019 6:31:10 PM,39,DCH,29:32.6,31:00.0,0,0,A123_2p5Ah_ageing_90k_case,3.2139,-2.4998,23.8324,-1.2912,-4.1993,0
10/16/2019 6:31:20 PM,39,DCH,29:42.6,31:10.0,0,0,A123_2p5Ah_ageing_90k_case,3.2135,-2.4998,23.8324,-1.2982,-4.2216,0
10/16/2019 6:31:30 PM,39,DCH,29:52.6,31:20.0,0,0,A123_2p5Ah_ageing_90k_case,3.2132,-2.4972,23.8324,-1.3051,-4.2439,0
10/16/2019 6:31:40 PM,39,DCH,30:02.6,31:30.0,0,0,A123_2p5Ah_ageing_90k_case,3.2127,-2.4998,23.8324,-1.312,-4.2662,0
10/16/2019 6:31:50 PM,39,DCH,30:12.6,31:40.0,0,0,A123_2p5Ah_ageing_90k_case,3.2123,-2.4998,23.8324,-1.319,-4.2885,0
10/16/2019 6:32:00 PM,39,DCH,30:22.6,31:50.0,0,0,A123_2p5Ah_ageing_90k_case,3.2118,-2.4998,23.7255,-1.3259,-4.3109,0
10/16/2019 6:32:10 PM,39,DCH,30:32.6,32:00.0,0,0,A123_2p5Ah_ageing_90k_case,3.2115,-2.4972,23.8324,-1.3329,-4.3331,0
10/16/2019 6:32:20 PM,39,DCH,30:42.6,32:10.0,0,0,A123_2p5Ah_ageing_90k_case,3.211,-2.4972,23.7255,-1.3398,-4.3554,0
10/16/2019 6:32:30 PM,39,DCH,30:52.6,32:20.0,0,0,A123_2p5Ah_ageing_90k_case,3.2105,-2.4998,23.7255,-1.3468,-4.3777,0
10/16/2019 6:32:40 PM,39,DCH,31:02.6,32:30.0,0,0,A123_2p5Ah_ageing_90k_case,3.2101,-2.4998,23.7255,-1.3537,-4.4,0
10/16/2019 6:32:50 PM,39,DCH,31:12.6,32:40.0,0,0,A123_2p5Ah_ageing_90k_case,3.2096,-2.4972,23.6187,-1.3606,-4.4223,0
10/16/2019 6:33:00 PM,39,DCH,31:22.6,32:50.0,0,0,A123_2p5Ah_ageing_90k_case,3.2091,-2.4998,23.8324,-1.3676,-4.4446,0
10/16/2019 6:33:10 PM,39,DCH,31:32.6,33:00.0,0,0,A123_2p5Ah_ageing_90k_case,3.2088,-2.4998,23.7255,-1.3745,-4.4669,0
10/16/2019 6:33:20 PM,39,DCH,31:42.6,33:10.0,0,0,A123_2p5Ah_ageing_90k_case,3.2083,-2.4998,23.8324,-1.3815,-4.4891,0
10/16/2019 6:33:30 PM,39,DCH,31:52.6,33:20.0,0,0,A123_2p5Ah_ageing_90k_case,3.2078,-2.4998,23.7255,-1.3884,-4.5114,0
10/16/2019 6:33:40 PM,39,DCH,32:02.6,33:30.0,0,0,A123_2p5Ah_ageing_90k_case,3.2074,-2.4998,23.6187,-1.3954,-4.5337,0
10/16/2019 6:33:50 PM,39,DCH,32:12.6,33:40.0,0,0,A123_2p5Ah_ageing_90k_case,3.2069,-2.4998,23.7255,-1.4023,-4.5559,0
10/16/2019 6:34:00 PM,39,DCH,32:22.6,33:50.0,0,0,A123_2p5Ah_ageing_90k_case,3.2064,-2.4998,23.7255,-1.4092,-4.5782,0
10/16/2019 6:34:10 PM,39,DCH,32:32.6,34:00.0,0,0,A123_2p5Ah_ageing_90k_case,3.2061,-2.4998,23.7255,-1.4162,-4.6005,0
10/16/2019 6:34:20 PM,39,DCH,32:42.6,34:10.0,0,0,A123_2p5Ah_ageing_90k_case,3.2056,-2.4972,23.8324,-1.4231,-4.6227,0
10/16/2019 6:34:30 PM,39,DCH,32:52.6,34:20.0,0,0,A123_2p5Ah_ageing_90k_case,3.2051,-2.4998,23.7255,-1.4301,-4.6449,0
10/16/2019 6:34:40 PM,39,DCH,33:02.6,34:30.0,0,0,A123_2p5Ah_ageing_90k_case,3.2046,-2.4972,23.8324,-1.437,-4.6672,0
10/16/2019 6:34:50 PM,39,DCH,33:12.6,34:40.0,0,0,A123_2p5Ah_ageing_90k_case,3.2041,-2.4998,23.7255,-1.4439,-4.6894,0
10/16/2019 6:35:00 PM,39,DCH,33:22.6,34:50.0,0,0,A123_2p5Ah_ageing_90k_case,3.2036,-2.4998,23.7255,-1.4509,-4.7117,0
10/16/2019 6:35:10 PM,39,DCH,33:32.6,35:00.0,0,0,A123_2p5Ah_ageing_90k_case,3.2031,-2.4972,23.8324,-1.4578,-4.7339,0
10/16/2019 6:35:20 PM,39,DCH,33:42.6,35:10.0,0,0,A123_2p5Ah_ageing_90k_case,3.2026,-2.4998,23.9393,-1.4648,-4.7561,0
10/16/2019 6:35:30 PM,39,DCH,33:52.6,35:20.0,0,0,A123_2p5Ah_ageing_90k_case,3.2022,-2.4998,23.8324,-1.4717,-4.7784,0
10/16/2019 6:35:40 PM,39,DCH,34:02.6,35:30.0,0,0,A123_2p5Ah_ageing_90k_case,3.2015,-2.4998,23.8324,-1.4786,-4.8006,0
10/16/2019 6:35:50 PM,39,DCH,34:12.6,35:40.0,0,0,A123_2p5Ah_ageing_90k_case,3.201,-2.4972,23.8324,-1.4856,-4.8228,0
10/16/2019 6:36:00 PM,39,DCH,34:22.6,35:50.0,0,0,A123_2p5Ah_ageing_90k_case,3.2005,-2.4972,23.8324,-1.4925,-4.8451,0
10/16/2019 6:36:10 PM,39,DCH,34:32.6,36:00.0,0,0,A123_2p5Ah_ageing_90k_case,3.2,-2.4998,23.8324,-1.4995,-4.8673,0
10/16/2019 6:36:20 PM,39,DCH,34:42.6,36:10.0,0,0,A123_2p5Ah_ageing_90k_case,3.1995,-2.4998,23.8324,-1.5064,-4.8895,0
10/16/2019 6:36:30 PM,39,DCH,34:52.6,36:20.0,0,0,A123_2p5Ah_ageing_90k_case,3.199,-2.4998,23.8324,-1.5134,-4.9117,0
10/16/2019 6:36:40 PM,39,DCH,35:02.6,36:30.0,0,0,A123_2p5Ah_ageing_90k_case,3.1983,-2.4998,23.8324,-1.5203,-4.9339,0
10/16/2019 6:36:50 PM,39,DCH,35:12.6,36:40.0,0,0,A123_2p5Ah_ageing_90k_case,3.1978,-2.4972,23.8324,-1.5272,-4.9561,0
10/16/2019 6:37:00 PM,39,DCH,35:22.6,36:50.0,0,0,A123_2p5Ah_ageing_90k_case,3.1973,-2.4998,23.9393,-1.5342,-4.9783,0
10/16/2019 6:37:10 PM,39,DCH,35:32.6,37:00.0,0,0,A123_2p5Ah_ageing_90k_case,3.1967,-2.4998,23.8324,-1.5411,-5.0005,0
10/16/2019 6:37:20 PM,39,DCH,35:42.6,37:10.0,0,0,A123_2p5Ah_ageing_90k_case,3.1961,-2.4972,23.8324,-1.5481,-5.0227,0
10/16/2019 6:37:30 PM,39,DCH,35:52.6,37:20.0,0,0,A123_2p5Ah_ageing_90k_case,3.1956,-2.4998,23.8324,-1.555,-5.0449,0
10/16/2019 6:37:40 PM,39,DCH,36:02.6,37:30.0,0,0,A123_2p5Ah_ageing_90k_case,3.195,-2.4998,23.9393,-1.562,-5.0671,0
10/16/2019 6:37:50 PM,39,DCH,36:12.6,37:40.0,0,0,A123_2p5Ah_ageing_90k_case,3.1945,-2.4998,23.9393,-1.5689,-5.0892,0
10/16/2019 6:38:00 PM,39,DCH,36:22.6,37:50.0,0,0,A123_2p5Ah_ageing_90k_case,3.1938,-2.4998,23.8324,-1.5758,-5.1114,0
10/16/2019 6:38:10 PM,39,DCH,36:32.6,38:00.0,0,0,A123_2p5Ah_ageing_90k_case,3.1931,-2.4998,23.9393,-1.5828,-5.1336,0
10/16/2019 6:38:20 PM,39,DCH,36:42.6,38:10.0,0,0,A123_2p5Ah_ageing_90k_case,3.1924,-2.4998,23.8324,-1.5897,-5.1557,0
10/16/2019 6:38:30 PM,39,DCH,36:52.6,38:20.0,0,0,A123_2p5Ah_ageing_90k_case,3.1918,-2.4972,23.9393,-1.5967,-5.1779,0
10/16/2019 6:38:40 PM,39,DCH,37:02.6,38:30.0,0,0,A123_2p5Ah_ageing_90k_case,3.1913,-2.4998,23.9393,-1.6036,-5.2,0
10/16/2019 6:38:50 PM,39,DCH,37:12.6,38:40.0,0,0,A123_2p5Ah_ageing_90k_case,3.1906,-2.4998,23.8324,-1.6105,-5.2222,0
10/16/2019 6:39:00 PM,39,DCH,37:22.6,38:50.0,0,0,A123_2p5Ah_ageing_90k_case,3.1899,-2.4972,23.9393,-1.6175,-5.2443,0
10/16/2019 6:39:10 PM,39,DCH,37:32.6,39:00.0,0,0,A123_2p5Ah_ageing_90k_case,3.1892,-2.4998,23.9393,-1.6244,-5.2665,0
10/16/2019 6:39:20 PM,39,DCH,37:42.6,39:10.0,0,0,A123_2p5Ah_ageing_90k_case,3.1884,-2.4998,23.9393,-1.6314,-5.2886,0
10/16/2019 6:39:30 PM,39,DCH,37:52.6,39:20.0,0,0,A123_2p5Ah_ageing_90k_case,3.1877,-2.4998,23.9393,-1.6383,-5.3108,0
10/16/2019 6:39:40 PM,39,DCH,38:02.6,39:30.0,0,0,A123_2p5Ah_ageing_90k_case,3.187,-2.4998,23.9393,-1.6453,-5.3329,0
10/16/2019 6:39:50 PM,39,DCH,38:12.6,39:40.0,0,0,A123_2p5Ah_ageing_90k_case,3.1864,-2.4998,23.8324,-1.6522,-5.355,0
10/16/2019 6:40:00 PM,39,DCH,38:22.6,39:50.0,0,0,A123_2p5Ah_ageing_90k_case,3.1855,-2.4998,23.8324,-1.6591,-5.3771,0
10/16/2019 6:40:10 PM,39,DCH,38:32.6,40:00.0,0,0,A123_2p5Ah_ageing_90k_case,3.1848,-2.4972,23.9393,-1.6661,-5.3992,0
10/16/2019 6:40:20 PM,39,DCH,38:42.6,40:10.0,0,0,A123_2p5Ah_ageing_90k_case,3.184,-2.4998,23.9393,-1.673,-5.4214,0
10/16/2019 6:40:30 PM,39,DCH,38:52.6,40:20.0,0,0,A123_2p5Ah_ageing_90k_case,3.1832,-2.4998,23.8324,-1.68,-5.4435,0
10/16/2019 6:40:40 PM,39,DCH,39:02.6,40:30.0,0,0,A123_2p5Ah_ageing_90k_case,3.1825,-2.4998,23.8324,-1.6869,-5.4655,0
10/16/2019 6:40:50 PM,39,DCH,39:12.6,40:40.0,0,0,A123_2p5Ah_ageing_90k_case,3.1816,-2.4998,23.9393,-1.6938,-5.4876,0
10/16/2019 6:41:00 PM,39,DCH,39:22.6,40:50.0,0,0,A123_2p5Ah_ageing_90k_case,3.1808,-2.4998,23.9393,-1.7008,-5.5097,0
10/16/2019 6:41:10 PM,39,DCH,39:32.6,41:00.0,0,0,A123_2p5Ah_ageing_90k_case,3.18,-2.4972,23.9393,-1.7077,-5.5318,0
10/16/2019 6:41:20 PM,39,DCH,39:42.6,41:10.0,0,0,A123_2p5Ah_ageing_90k_case,3.1791,-2.4972,24.0462,-1.7147,-5.5539,0
10/16/2019 6:41:30 PM,39,DCH,39:52.6,41:20.0,0,0,A123_2p5Ah_ageing_90k_case,3.1781,-2.4972,23.8324,-1.7216,-5.5759,0
10/16/2019 6:41:40 PM,39,DCH,40:02.6,41:30.0,0,0,A123_2p5Ah_ageing_90k_case,3.1773,-2.4998,23.9393,-1.7286,-5.598,0
10/16/2019 6:41:50 PM,39,DCH,40:12.6,41:40.0,0,0,A123_2p5Ah_ageing_90k_case,3.1764,-2.4998,23.9393,-1.7355,-5.62,0
10/16/2019 6:42:00 PM,39,DCH,40:22.6,41:50.0,0,0,A123_2p5Ah_ageing_90k_case,3.1754,-2.4972,23.9393,-1.7424,-5.6421,0
10/16/2019 6:42:10 PM,39,DCH,40:32.6,42:00.0,0,0,A123_2p5Ah_ageing_90k_case,3.1744,-2.4998,23.9393,-1.7494,-5.6641,0
10/16/2019 6:42:20 PM,39,DCH,40:42.6,42:10.0,0,0,A123_2p5Ah_ageing_90k_case,3.1735,-2.4972,23.9393,-1.7563,-5.6862,0
10/16/2019 6:42:30 PM,39,DCH,40:52.6,42:20.0,0,0,A123_2p5Ah_ageing_90k_case,3.1725,-2.4998,24.0462,-1.7633,-5.7082,0
10/16/2019 6:42:40 PM,39,DCH,41:02.6,42:30.0,0,0,A123_2p5Ah_ageing_90k_case,3.1715,-2.4998,24.0462,-1.7702,-5.7302,0
10/16/2019 6:42:50 PM,39,DCH,41:12.6,42:40.0,0,0,A123_2p5Ah_ageing_90k_case,3.1705,-2.4998,24.0462,-1.7772,-5.7522,0
10/16/2019 6:43:00 PM,39,DCH,41:22.6,42:50.0,0,0,A123_2p5Ah_ageing_90k_case,3.1695,-2.4998,24.153,-1.7841,-5.7742,0
10/16/2019 6:43:10 PM,39,DCH,41:32.6,43:00.0,0,0,A123_2p5Ah_ageing_90k_case,3.1685,-2.4972,24.0462,-1.791,-5.7962,0
10/16/2019 6:43:20 PM,39,DCH,41:42.6,43:10.0,0,0,A123_2p5Ah_ageing_90k_case,3.1673,-2.4998,24.0462,-1.798,-5.8182,0
10/16/2019 6:43:30 PM,39,DCH,41:52.6,43:20.0,0,0,A123_2p5Ah_ageing_90k_case,3.1663,-2.4998,24.0462,-1.8049,-5.8402,0
10/16/2019 6:43:40 PM,39,DCH,42:02.6,43:30.0,0,0,A123_2p5Ah_ageing_90k_case,3.1651,-2.4998,24.2599,-1.8119,-5.8622,0
10/16/2019 6:43:50 PM,39,DCH,42:12.6,43:40.0,0,0,A123_2p5Ah_ageing_90k_case,3.1639,-2.4998,24.153,-1.8188,-5.8841,0
10/16/2019 6:44:00 PM,39,DCH,42:22.6,43:50.0,0,0,A123_2p5Ah_ageing_90k_case,3.1629,-2.4972,24.153,-1.8257,-5.9061,0
10/16/2019 6:44:10 PM,39,DCH,42:32.6,44:00.0,0,0,A123_2p5Ah_ageing_90k_case,3.1617,-2.4998,24.153,-1.8327,-5.928,0
10/16/2019 6:44:20 PM,39,DCH,42:42.6,44:10.0,0,0,A123_2p5Ah_ageing_90k_case,3.1604,-2.4998,24.153,-1.8396,-5.95,0
10/16/2019 6:44:30 PM,39,DCH,42:52.6,44:20.0,0,0,A123_2p5Ah_ageing_90k_case,3.1592,-2.4972,24.153,-1.8466,-5.972,0
10/16/2019 6:44:40 PM,39,DCH,43:02.6,44:30.0,0,0,A123_2p5Ah_ageing_90k_case,3.158,-2.4998,24.0462,-1.8535,-5.9939,0
10/16/2019 6:44:50 PM,39,DCH,43:12.6,44:40.0,0,0,A123_2p5Ah_ageing_90k_case,3.1567,-2.4998,24.153,-1.8605,-6.0158,0
10/16/2019 6:45:00 PM,39,DCH,43:22.6,44:50.0,0,0,A123_2p5Ah_ageing_90k_case,3.1555,-2.4998,24.153,-1.8674,-6.0377,0
10/16/2019 6:45:10 PM,39,DCH,43:32.6,45:00.0,0,0,A123_2p5Ah_ageing_90k_case,3.1541,-2.4972,24.153,-1.8744,-6.0596,0
10/16/2019 6:45:20 PM,39,DCH,43:42.6,45:10.0,0,0,A123_2p5Ah_ageing_90k_case,3.1528,-2.4998,24.0462,-1.8813,-6.0815,0
10/16/2019 6:45:30 PM,39,DCH,43:52.6,45:20.0,0,0,A123_2p5Ah_ageing_90k_case,3.1514,-2.4998,24.153,-1.8882,-6.1034,0
10/16/2019 6:45:40 PM,39,DCH,44:02.6,45:30.0,0,0,A123_2p5Ah_ageing_90k_case,3.1501,-2.4998,24.0462,-1.8952,-6.1252,0
10/16/2019 6:45:50 PM,39,DCH,44:12.6,45:40.0,0,0,A123_2p5Ah_ageing_90k_case,3.1486,-2.4998,24.153,-1.9021,-6.1471,0
10/16/2019 6:46:00 PM,39,DCH,44:22.6,45:50.0,0,0,A123_2p5Ah_ageing_90k_case,3.1472,-2.4998,24.2599,-1.9091,-6.169,0
10/16/2019 6:46:10 PM,39,DCH,44:32.6,46:00.0,0,0,A123_2p5Ah_ageing_90k_case,3.1457,-2.4998,24.3668,-1.916,-6.1908,0
10/16/2019 6:46:20 PM,39,DCH,44:42.6,46:10.0,0,0,A123_2p5Ah_ageing_90k_case,3.1442,-2.4972,24.2599,-1.9229,-6.2126,0
10/16/2019 6:46:30 PM,39,DCH,44:52.6,46:20.0,0,0,A123_2p5Ah_ageing_90k_case,3.1427,-2.4998,24.2599,-1.9299,-6.2345,0
10/16/2019 6:46:40 PM,39,DCH,45:02.6,46:30.0,0,0,A123_2p5Ah_ageing_90k_case,3.141,-2.4998,24.2599,-1.9368,-6.2563,0
10/16/2019 6:46:50 PM,39,DCH,45:12.6,46:40.0,0,0,A123_2p5Ah_ageing_90k_case,3.1395,-2.4998,24.2599,-1.9438,-6.2781,0
10/16/2019 6:47:00 PM,39,DCH,45:22.6,46:50.0,0,0,A123_2p5Ah_ageing_90k_case,3.1378,-2.4998,24.2599,-1.9507,-6.2999,0
10/16/2019 6:47:10 PM,39,DCH,45:32.6,47:00.0,0,0,A123_2p5Ah_ageing_90k_case,3.1361,-2.4998,24.2599,-1.9576,-6.3216,0
10/16/2019 6:47:20 PM,39,DCH,45:42.6,47:10.0,0,0,A123_2p5Ah_ageing_90k_case,3.1342,-2.4972,24.2599,-1.9646,-6.3434,0
10/16/2019 6:47:30 PM,39,DCH,45:52.6,47:20.0,0,0,A123_2p5Ah_ageing_90k_case,3.1326,-2.4998,24.3668,-1.9715,-6.3651,0
10/16/2019 6:47:40 PM,39,DCH,46:02.6,47:30.0,0,0,A123_2p5Ah_ageing_90k_case,3.1307,-2.4998,24.3668,-1.9785,-6.3869,0
10/16/2019 6:47:50 PM,39,DCH,46:12.6,47:40.0,0,0,A123_2p5Ah_ageing_90k_case,3.1288,-2.4998,24.2599,-1.9854,-6.4086,0
10/16/2019 6:48:00 PM,39,DCH,46:22.6,47:50.0,0,0,A123_2p5Ah_ageing_90k_case,3.127,-2.4998,24.3668,-1.9924,-6.4303,0
10/16/2019 6:48:10 PM,39,DCH,46:32.6,48:00.0,0,0,A123_2p5Ah_ageing_90k_case,3.1251,-2.4972,24.3668,-1.9993,-6.452,0
10/16/2019 6:48:20 PM,39,DCH,46:42.6,48:10.0,0,0,A123_2p5Ah_ageing_90k_case,3.1231,-2.4998,24.3668,-2.0062,-6.4737,0
10/16/2019 6:48:30 PM,39,DCH,46:52.6,48:20.0,0,0,A123_2p5Ah_ageing_90k_case,3.1211,-2.4998,24.3668,-2.0132,-6.4954,0
10/16/2019 6:48:40 PM,39,DCH,47:02.6,48:30.0,0,0,A123_2p5Ah_ageing_90k_case,3.1191,-2.4998,24.3668,-2.0201,-6.5171,0
10/16/2019 6:48:50 PM,39,DCH,47:12.6,48:40.0,0,0,A123_2p5Ah_ageing_90k_case,3.1169,-2.4998,24.4736,-2.0271,-6.5387,0
10/16/2019 6:49:00 PM,39,DCH,47:22.6,48:50.0,0,0,A123_2p5Ah_ageing_90k_case,3.1148,-2.4998,24.4736,-2.034,-6.5603,0
10/16/2019 6:49:10 PM,39,DCH,47:32.6,49:00.0,0,0,A123_2p5Ah_ageing_90k_case,3.1125,-2.4998,24.4736,-2.041,-6.582,0
10/16/2019 6:49:20 PM,39,DCH,47:42.6,49:10.0,0,0,A123_2p5Ah_ageing_90k_case,3.1103,-2.4998,24.4736,-2.0479,-6.6036,0
10/16/2019 6:49:30 PM,39,DCH,47:52.6,49:20.0,0,0,A123_2p5Ah_ageing_90k_case,3.1081,-2.4972,24.4736,-2.0548,-6.6252,0
10/16/2019 6:49:40 PM,39,DCH,48:02.6,49:30.0,0,0,A123_2p5Ah_ageing_90k_case,3.1057,-2.4972,24.4736,-2.0618,-6.6467,0
10/16/2019 6:49:50 PM,39,DCH,48:12.6,49:40.0,0,0,A123_2p5Ah_ageing_90k_case,3.1034,-2.4998,24.3668,-2.0687,-6.6683,0
10/16/2019 6:50:00 PM,39,DCH,48:22.6,49:50.0,0,0,A123_2p5Ah_ageing_90k_case,3.101,-2.4998,24.4736,-2.0757,-6.6898,0
10/16/2019 6:50:10 PM,39,DCH,48:32.6,50:00.0,0,0,A123_2p5Ah_ageing_90k_case,3.0985,-2.4998,24.4736,-2.0826,-6.7113,0
10/16/2019 6:50:20 PM,39,DCH,48:42.6,50:10.0,0,0,A123_2p5Ah_ageing_90k_case,3.096,-2.4998,24.4736,-2.0896,-6.7328,0
10/16/2019 6:50:30 PM,39,DCH,48:52.6,50:20.0,0,0,A123_2p5Ah_ageing_90k_case,3.0934,-2.4998,24.4736,-2.0965,-6.7543,0
10/16/2019 6:50:40 PM,39,DCH,49:02.6,50:30.0,0,0,A123_2p5Ah_ageing_90k_case,3.0909,-2.4998,24.3668,-2.1034,-6.7758,0
10/16/2019 6:50:50 PM,39,DCH,49:12.6,50:40.0,0,0,A123_2p5Ah_ageing_90k_case,3.0882,-2.4998,24.4736,-2.1104,-6.7972,0
10/16/2019 6:51:00 PM,39,DCH,49:22.6,50:50.0,0,0,A123_2p5Ah_ageing_90k_case,3.0853,-2.4998,24.4736,-2.1173,-6.8187,0
10/16/2019 6:51:10 PM,39,DCH,49:32.6,51:00.0,0,0,A123_2p5Ah_ageing_90k_case,3.0825,-2.4998,24.3668,-2.1243,-6.8401,0
10/16/2019 6:51:20 PM,39,DCH,49:42.6,51:10.0,0,0,A123_2p5Ah_ageing_90k_case,3.0796,-2.4998,24.4736,-2.1312,-6.8614,0
10/16/2019 6:51:30 PM,39,DCH,49:52.6,51:20.0,0,0,A123_2p5Ah_ageing_90k_case,3.0766,-2.4998,24.4736,-2.1381,-6.8828,0
10/16/2019 6:51:40 PM,39,DCH,50:02.6,51:30.0,0,0,A123_2p5Ah_ageing_90k_case,3.0734,-2.4972,24.4736,-2.1451,-6.9042,0
10/16/2019 6:51:50 PM,39,DCH,50:12.6,51:40.0,0,0,A123_2p5Ah_ageing_90k_case,3.07,-2.4998,24.3668,-2.152,-6.9255,0
10/16/2019 6:52:00 PM,39,DCH,50:22.6,51:50.0,0,0,A123_2p5Ah_ageing_90k_case,3.0666,-2.4998,24.3668,-2.159,-6.9468,0
10/16/2019 6:52:10 PM,39,DCH,50:32.6,52:00.0,0,0,A123_2p5Ah_ageing_90k_case,3.0631,-2.4998,24.5805,-2.1659,-6.9681,0
10/16/2019 6:52:20 PM,39,DCH,50:42.6,52:10.0,0,0,A123_2p5Ah_ageing_90k_case,3.0592,-2.4998,24.4736,-2.1729,-6.9893,0
10/16/2019 6:52:30 PM,39,DCH,50:52.6,52:20.0,0,0,A123_2p5Ah_ageing_90k_case,3.0553,-2.4998,24.4736,-2.1798,-7.0105,0
10/16/2019 6:52:40 PM,39,DCH,51:02.6,52:30.0,0,0,A123_2p5Ah_ageing_90k_case,3.0511,-2.4998,24.4736,-2.1867,-7.0318,0
10/16/2019 6:52:50 PM,39,DCH,51:12.6,52:40.0,0,0,A123_2p5Ah_ageing_90k_case,3.0467,-2.4998,24.3668,-2.1937,-7.0529,0
10/16/2019 6:53:00 PM,39,DCH,51:22.6,52:50.0,0,0,A123_2p5Ah_ageing_90k_case,3.042,-2.4998,24.3668,-2.2006,-7.074,0
10/16/2019 6:53:10 PM,39,DCH,51:32.6,53:00.0,0,0,A123_2p5Ah_ageing_90k_case,3.0371,-2.4972,24.3668,-2.2076,-7.0952,0
10/16/2019 6:53:20 PM,39,DCH,51:42.6,53:10.0,0,0,A123_2p5Ah_ageing_90k_case,3.032,-2.4998,24.4736,-2.2145,-7.1163,0
10/16/2019 6:53:30 PM,39,DCH,51:52.6,53:20.0,0,0,A123_2p5Ah_ageing_90k_case,3.0266,-2.4998,24.4736,-2.2215,-7.1373,0
10/16/2019 6:53:40 PM,39,DCH,52:02.6,53:30.0,0,0,A123_2p5Ah_ageing_90k_case,3.0209,-2.4998,24.3668,-2.2284,-7.1583,0
10/16/2019 6:53:50 PM,39,DCH,52:12.6,53:40.0,0,0,A123_2p5Ah_ageing_90k_case,3.0147,-2.4998,24.4736,-2.2353,-7.1792,0
10/16/2019 6:54:00 PM,39,DCH,52:22.6,53:50.0,0,0,A123_2p5Ah_ageing_90k_case,3.0082,-2.4998,24.4736,-2.2423,-7.2001,0
10/16/2019 6:54:10 PM,39,DCH,52:32.6,54:00.0,0,0,A123_2p5Ah_ageing_90k_case,3.0015,-2.4998,24.4736,-2.2492,-7.221,0
10/16/2019 6:54:20 PM,39,DCH,52:42.6,54:10.0,0,0,A123_2p5Ah_ageing_90k_case,2.9942,-2.4998,24.3668,-2.2562,-7.2418,0
10/16/2019 6:54:30 PM,39,DCH,52:52.6,54:20.0,0,0,A123_2p5Ah_ageing_90k_case,2.9867,-2.4998,24.4736,-2.2631,-7.2626,0
10/16/2019 6:54:40 PM,39,DCH,53:02.6,54:30.0,0,0,A123_2p5Ah_ageing_90k_case,2.9787,-2.4998,24.4736,-2.2701,-7.2833,0
10/16/2019 6:54:50 PM,39,DCH,53:12.6,54:40.0,0,0,A123_2p5Ah_ageing_90k_case,2.9703,-2.4972,24.4736,-2.277,-7.3039,0
10/16/2019 6:55:00 PM,39,DCH,53:22.6,54:50.0,0,0,A123_2p5Ah_ageing_90k_case,2.9614,-2.4972,24.5805,-2.2839,-7.3245,0
10/16/2019 6:55:10 PM,39,DCH,53:32.6,55:00.0,0,0,A123_2p5Ah_ageing_90k_case,2.9521,-2.4998,24.6874,-2.2909,-7.345,0
10/16/2019 6:55:20 PM,39,DCH,53:42.6,55:10.0,0,0,A123_2p5Ah_ageing_90k_case,2.9423,-2.4998,24.6874,-2.2978,-7.3655,0
10/16/2019 6:55:30 PM,39,DCH,53:52.6,55:20.0,0,0,A123_2p5Ah_ageing_90k_case,2.9318,-2.4998,24.5805,-2.3048,-7.3859,0
10/16/2019 6:55:40 PM,39,DCH,54:02.6,55:30.0,0,0,A123_2p5Ah_ageing_90k_case,2.9207,-2.4972,24.5805,-2.3117,-7.4062,0
10/16/2019 6:55:50 PM,39,DCH,54:12.6,55:40.0,0,0,A123_2p5Ah_ageing_90k_case,2.9091,-2.4972,24.6874,-2.3187,-7.4264,0
10/16/2019 6:56:00 PM,39,DCH,54:22.6,55:50.0,0,0,A123_2p5Ah_ageing_90k_case,2.8968,-2.4998,24.5805,-2.3256,-7.4466,0
10/16/2019 6:56:10 PM,39,DCH,54:32.6,56:00.0,0,0,A123_2p5Ah_ageing_90k_case,2.8834,-2.4998,24.5805,-2.3325,-7.4667,0
10/16/2019 6:56:20 PM,39,DCH,54:42.6,56:10.0,0,0,A123_2p5Ah_ageing_90k_case,2.8693,-2.4972,24.7943,-2.3395,-7.4866,0
10/16/2019 6:56:30 PM,39,DCH,54:52.6,56:20.0,0,0,A123_2p5Ah_ageing_90k_case,2.8543,-2.4998,24.6874,-2.3464,-7.5065,0
10/16/2019 6:56:40 PM,39,DCH,55:02.6,56:30.0,0,0,A123_2p5Ah_ageing_90k_case,2.8382,-2.4972,24.6874,-2.3534,-7.5263,0
10/16/2019 6:56:50 PM,39,DCH,55:12.6,56:40.0,0,0,A123_2p5Ah_ageing_90k_case,2.821,-2.4998,24.6874,-2.3603,-7.5459,0
10/16/2019 6:57:00 PM,39,DCH,55:22.6,56:50.0,0,0,A123_2p5Ah_ageing_90k_case,2.803,-2.4998,24.7943,-2.3673,-7.5654,0
10/16/2019 6:57:10 PM,39,DCH,55:32.6,57:00.0,0,0,A123_2p5Ah_ageing_90k_case,2.7837,-2.4998,24.9011,-2.3742,-7.5848,0
10/16/2019 6:57:20 PM,39,DCH,55:42.6,57:10.0,0,0,A123_2p5Ah_ageing_90k_case,2.7635,-2.4998,24.7943,-2.3811,-7.6041,0
10/16/2019 6:57:30 PM,39,DCH,55:52.6,57:20.0,0,0,A123_2p5Ah_ageing_90k_case,2.7421,-2.4998,25.008,-2.3881,-7.6232,0
10/16/2019 6:57:40 PM,39,DCH,56:02.6,57:30.0,0,0,A123_2p5Ah_ageing_90k_case,2.7193,-2.4998,25.008,-2.395,-7.6421,0
10/16/2019 6:57:50 PM,39,DCH,56:12.6,57:40.0,0,0,A123_2p5Ah_ageing_90k_case,2.6954,-2.4998,24.9011,-2.402,-7.6609,0
10/16/2019 6:58:00 PM,39,DCH,56:22.6,57:50.0,0,0,A123_2p5Ah_ageing_90k_case,2.6701,-2.4972,25.008,-2.4089,-7.6796,0
10/16/2019 6:58:10 PM,39,DCH,56:32.6,58:00.0,0,0,A123_2p5Ah_ageing_90k_case,2.6431,-2.4998,25.008,-2.4159,-7.698,0
10/16/2019 6:58:20 PM,39,DCH,56:42.6,58:10.0,0,0,A123_2p5Ah_ageing_90k_case,2.6144,-2.4972,25.008,-2.4228,-7.7163,0
10/16/2019 6:58:30 PM,39,DCH,56:52.6,58:20.0,0,0,A123_2p5Ah_ageing_90k_case,2.5837,-2.4998,25.2218,-2.4297,-7.7343,0
10/16/2019 6:58:40 PM,39,DCH,57:02.6,58:30.0,0,0,A123_2p5Ah_ageing_90k_case,2.5506,-2.4998,25.1149,-2.4367,-7.7521,0
10/16/2019 6:58:50 PM,39,DCH,57:12.6,58:40.0,0,0,A123_2p5Ah_ageing_90k_case,2.5147,-2.4998,25.2218,-2.4436,-7.7697,0
10/16/2019 6:58:54 PM,39,DCH,57:16.5,58:43.9,0,0,A123_2p5Ah_ageing_90k_case,2.4999,-2.4998,25.2218,-2.4463,-7.7765,0
10/16/2019 6:58:54 PM,40,PAU,57:16.5,00:00.0,0,0,A123_2p5Ah_ageing_90k_case,2.5014,0,25.2218,-2.4464,-7.7767,0
10/16/2019 6:59:04 PM,41,PAU,57:26.5,00:10.0,0,0,A123_2p5Ah_ageing_90k_case,2.6341,0,25.2218,-2.4464,-7.7767,0
10/16/2019 6:59:14 PM,41,PAU,57:36.5,00:20.0,0,0,A123_2p5Ah_ageing_90k_case,2.695,0,25.2218,-2.4464,-7.7767,0
10/16/2019 6:59:24 PM,41,PAU,57:46.5,00:30.0,0,0,A123_2p5Ah_ageing_90k_case,2.7364,0,25.3286,-2.4464,-7.7767,0
10/16/2019 6:59:34 PM,41,PAU,57:56.5,00:40.0,0,0,A123_2p5Ah_ageing_90k_case,2.7662,0,25.3286,-2.4464,-7.7767,0
10/16/2019 6:59:44 PM,41,PAU,58:06.5,00:50.0,0,0,A123_2p5Ah_ageing_90k_case,2.789,0,25.3286,-2.4464,-7.7767,0
10/16/2019 6:59:54 PM,41,PAU,58:16.5,01:00.0,0,0,A123_2p5Ah_ageing_90k_case,2.807,0,25.2218,-2.4464,-7.7767,0
10/16/2019 7:00:04 PM,41,PAU,58:26.5,01:10.0,0,0,A123_2p5Ah_ageing_90k_case,2.8215,0,25.3286,-2.4464,-7.7767,0
10/16/2019 7:00:14 PM,41,PAU,58:36.5,01:20.0,0,0,A123_2p5Ah_ageing_90k_case,2.8333,0,25.4355,-2.4464,-7.7767,0
10/16/2019 7:00:24 PM,41,PAU,58:46.5,01:30.0,0,0,A123_2p5Ah_ageing_90k_case,2.8435,0,25.3286,-2.4464,-7.7767,0
10/16/2019 7:00:34 PM,41,PAU,58:56.5,01:40.0,0,0,A123_2p5Ah_ageing_90k_case,2.8519,0,25.1149,-2.4464,-7.7767,0
10/16/2019 7:00:44 PM,41,PAU,59:06.5,01:50.0,0,0,A123_2p5Ah_ageing_90k_case,2.8593,0,25.2218,-2.4464,-7.7767,0
10/16/2019 7:00:54 PM,41,PAU,59:16.5,02:00.0,0,0,A123_2p5Ah_ageing_90k_case,2.8656,0,25.1149,-2.4464,-7.7767,0
10/16/2019 7:01:04 PM,41,PAU,59:26.5,02:10.0,0,0,A123_2p5Ah_ageing_90k_case,2.8713,0,25.1149,-2.4464,-7.7767,0
10/16/2019 7:01:14 PM,41,PAU,59:36.5,02:20.0,0,0,A123_2p5Ah_ageing_90k_case,2.8762,0,25.1149,-2.4464,-7.7767,0
10/16/2019 7:01:24 PM,41,PAU,59:46.5,02:30.0,0,0,A123_2p5Ah_ageing_90k_case,2.8807,0,25.1149,-2.4464,-7.7767,0
10/16/2019 7:01:34 PM,41,PAU,59:56.5,02:40.0,0,0,A123_2p5Ah_ageing_90k_case,2.8848,0,25.1149,-2.4464,-7.7767,0
10/16/2019 7:01:44 PM,41,PAU,00:06.5,02:50.0,0,0,A123_2p5Ah_ageing_90k_case,2.8885,0,25.1149,-2.4464,-7.7767,0
10/16/2019 7:01:54 PM,41,PAU,00:16.5,03:00.0,0,0,A123_2p5Ah_ageing_90k_case,2.8917,0,24.9011,-2.4464,-7.7767,0
10/16/2019 7:02:04 PM,41,PAU,00:26.5,03:10.0,0,0,A123_2p5Ah_ageing_90k_case,2.8947,0,25.008,-2.4464,-7.7767,0
10/16/2019 7:02:14 PM,41,PAU,00:36.5,03:20.0,0,0,A123_2p5Ah_ageing_90k_case,2.8976,0,24.9011,-2.4464,-7.7767,0
10/16/2019 7:02:24 PM,41,PAU,00:46.5,03:30.0,0,0,A123_2p5Ah_ageing_90k_case,2.9001,0,24.7943,-2.4464,-7.7767,0
10/16/2019 7:02:34 PM,41,PAU,00:56.5,03:40.0,0,0,A123_2p5Ah_ageing_90k_case,2.9027,0,24.7943,-2.4464,-7.7767,0
10/16/2019 7:02:44 PM,41,PAU,01:06.5,03:50.0,0,0,A123_2p5Ah_ageing_90k_case,2.9049,0,24.7943,-2.4464,-7.7767,0
10/16/2019 7:02:54 PM,41,PAU,01:16.5,04:00.0,0,0,A123_2p5Ah_ageing_90k_case,2.9069,0,24.6874,-2.4464,-7.7767,0
10/16/2019 7:03:04 PM,41,PAU,01:26.5,04:10.0,0,0,A123_2p5Ah_ageing_90k_case,2.9089,0,24.7943,-2.4464,-7.7767,0
10/16/2019 7:03:14 PM,41,PAU,01:36.5,04:20.0,0,0,A123_2p5Ah_ageing_90k_case,2.9108,0,24.6874,-2.4464,-7.7767,0
10/16/2019 7:03:24 PM,41,PAU,01:46.5,04:30.0,0,0,A123_2p5Ah_ageing_90k_case,2.9125,0,24.5805,-2.4464,-7.7767,0
10/16/2019 7:03:34 PM,41,PAU,01:56.5,04:40.0,0,0,A123_2p5Ah_ageing_90k_case,2.9141,0,24.5805,-2.4464,-7.7767,0
10/16/2019 7:03:44 PM,41,PAU,02:06.5,04:50.0,0,0,A123_2p5Ah_ageing_90k_case,2.9157,0,24.6874,-2.4464,-7.7767,0
10/16/2019 7:03:54 PM,41,PAU,02:16.5,05:00.0,0,0,A123_2p5Ah_ageing_90k_case,2.9172,0,24.5805,-2.4464,-7.7767,0
10/16/2019 7:03:54 PM,41,PAU,02:16.5,05:00.0,0,0,A123_2p5Ah_ageing_90k_case,2.9172,0,24.5805,-2.4464,-7.7767,0
